Dates,ACC US Equity,AHH US Equity,AMH US Equity,ARE US Equity,BHR US Equity,CCI US Equity,CPT US Equity,DEA US Equity,DLR US Equity,EQIX US Equity,FPI US Equity,HASI US Equity,HST US Equity,HTA US Equity,IIPR US Equity,IRM US Equity,KRC US Equity,KREF US Equity,LAND US Equity,LSI US Equity,MPW US Equity,NLCP US Equity,NNN US Equity,PSA US Equity,PW US Equity,SAFE US Equity,SBAC US Equity,SPG US Equity,STWD US Equity
2017-03-03,49.30,13.99,23.44,117.59,10.83,91.75,81.72,20.48,108.33,375.69,10.99,19.82,18.38,31.74,16.25,36.36,76.28,#N/A N/A,12.23,58.57,12.89,#N/A N/A,44.39,226.61,6.37,#N/A N/A,114.98,179.40,22.83
2017-03-10,45.73,13.26,22.29,108.81,10.01,90.28,79.40,19.42,103.90,379.16,10.61,18.46,17.91,30.54,15.50,34.24,71.07,#N/A N/A,11.00,54.99,12.20,#N/A N/A,42.33,220.07,6.23,#N/A N/A,117.80,168.17,22.39
2017-03-17,47.36,13.96,23.19,110.27,10.48,89.80,81.96,19.65,102.89,375.64,10.72,19.20,18.44,30.83,17.04,35.06,73.41,#N/A N/A,11.31,56.56,12.41,#N/A N/A,44.36,222.49,5.98,#N/A N/A,115.65,168.02,22.46
2017-03-24,48.07,13.71,23.38,111.36,10.07,93.68,81.87,19.43,103.74,388.09,10.86,19.39,18.05,31.25,16.35,34.73,72.62,#N/A N/A,11.12,56.11,12.75,#N/A N/A,43.83,222.91,5.94,#N/A N/A,118.29,167.95,22.70
2017-03-31,47.59,13.89,22.96,110.52,10.50,94.45,80.46,19.79,106.39,400.37,11.17,20.20,18.66,31.46,17.06,35.67,72.08,#N/A N/A,11.10,54.75,12.89,#N/A N/A,43.62,218.91,6.28,#N/A N/A,120.37,172.03,22.58
2017-04-07,47.77,13.94,23.75,111.67,10.70,94.50,80.87,20.70,108.70,401.74,10.99,20.18,18.30,31.82,18.00,35.52,73.13,#N/A N/A,11.13,56.65,13.63,#N/A N/A,44.14,223.60,6.39,#N/A N/A,121.17,169.81,22.64
2017-04-14,48.00,14.29,23.23,113.54,10.71,96.00,81.19,20.85,109.61,399.11,11.07,20.93,18.45,32.28,18.25,35.29,73.75,#N/A N/A,11.27,56.84,13.90,#N/A N/A,44.76,225.97,6.54,#N/A N/A,123.80,173.84,22.79
2017-04-21,49.60,14.59,23.62,115.43,10.35,95.53,81.92,20.68,112.88,401.84,11.05,21.35,18.82,32.77,18.44,36.34,74.48,#N/A N/A,11.22,56.86,14.03,#N/A N/A,45.25,228.37,6.60,#N/A N/A,123.78,171.98,22.63
2017-04-28,47.39,14.26,23.05,112.51,10.48,94.60,82.33,20.12,114.84,417.70,10.90,21.92,17.95,31.89,18.00,34.76,70.53,#N/A N/A,11.13,52.26,13.07,#N/A N/A,42.22,209.38,6.57,#N/A N/A,126.49,165.26,22.69
2017-05-05,46.80,14.10,22.27,114.83,10.29,95.92,82.36,19.85,113.81,426.25,10.74,22.01,18.13,29.79,16.86,35.26,71.51,22.13,11.09,49.81,12.97,#N/A N/A,40.37,208.25,6.38,#N/A N/A,129.62,164.52,22.26
2017-05-12,45.30,12.85,22.30,115.85,10.02,94.06,82.00,19.77,115.08,431.07,10.23,22.26,17.48,30.83,18.00,34.57,70.92,22.00,10.93,49.74,13.33,#N/A N/A,37.76,208.64,6.72,#N/A N/A,127.53,157.48,21.62
2017-05-19,47.09,12.96,22.19,117.67,9.89,99.44,82.29,19.88,114.84,426.74,9.73,21.68,18.09,31.51,17.86,34.98,71.58,22.36,11.16,49.89,13.20,#N/A N/A,37.74,214.48,6.74,#N/A N/A,132.80,157.87,21.61
2017-05-26,47.28,13.08,22.36,117.27,9.81,102.81,83.22,19.84,117.81,441.22,9.94,22.37,18.07,30.83,17.24,35.17,72.97,22.80,11.22,50.91,12.80,#N/A N/A,38.45,216.39,6.48,#N/A N/A,136.02,157.26,22.14
2017-06-02,47.70,13.52,23.19,120.04,9.67,104.59,84.65,20.50,119.77,444.32,9.90,22.23,18.17,31.63,17.65,35.26,74.62,22.94,11.28,49.89,13.24,#N/A N/A,38.85,213.92,6.62,#N/A N/A,138.69,152.64,22.15
2017-06-09,47.37,13.46,22.00,118.63,9.97,102.06,86.62,20.94,113.32,439.21,9.72,23.05,18.38,31.43,17.50,33.31,75.52,21.76,11.15,49.31,13.35,#N/A N/A,37.82,207.56,6.49,#N/A N/A,134.30,155.60,22.08
2017-06-16,48.32,14.33,22.57,117.88,9.70,101.18,88.94,21.01,116.61,427.28,9.10,23.37,18.74,32.06,17.31,34.21,76.86,21.23,11.27,50.13,13.20,#N/A N/A,39.34,213.66,6.58,#N/A N/A,133.05,160.26,22.56
2017-06-23,48.47,13.43,22.70,120.60,10.49,99.84,87.55,21.35,120.54,434.07,9.24,24.20,18.72,32.55,17.80,34.52,76.93,21.36,11.39,50.98,13.24,#N/A N/A,38.13,213.11,6.62,19.29,131.91,158.90,22.86
2017-06-30,47.30,12.95,22.57,120.47,10.18,100.18,85.51,20.95,112.95,429.16,8.94,22.87,18.27,31.11,16.75,34.36,75.15,21.50,11.67,49.40,12.87,#N/A N/A,39.10,208.53,7.13,19.15,134.90,161.76,22.39
2017-07-07,45.93,12.79,22.48,118.53,10.00,99.47,86.20,20.40,110.15,423.30,8.75,22.80,18.26,30.14,16.70,34.43,73.05,21.39,11.53,47.52,12.43,#N/A N/A,38.42,207.03,7.75,19.41,136.68,156.64,22.09
2017-07-14,47.21,13.09,22.87,120.04,10.29,101.10,86.37,20.38,112.43,437.70,8.94,22.76,18.15,29.97,16.40,34.78,72.63,21.19,11.52,48.59,12.68,#N/A N/A,39.32,207.68,7.85,19.69,136.49,160.73,22.15
2017-07-21,49.00,13.17,23.00,121.00,10.69,99.17,89.10,20.32,112.46,441.44,9.53,23.01,17.96,30.45,16.66,35.00,72.57,20.95,11.70,49.55,13.10,#N/A N/A,39.99,208.94,7.53,19.85,136.60,160.58,21.95
2017-07-28,47.82,13.37,23.11,120.40,10.23,100.58,89.39,19.89,113.18,447.90,9.03,23.21,18.71,30.32,17.65,35.19,70.45,20.42,11.99,48.59,12.93,#N/A N/A,40.07,202.84,7.24,18.25,137.64,160.52,21.91
2017-08-04,47.07,13.51,22.50,120.61,9.94,102.02,89.60,20.11,115.20,445.58,8.88,23.96,18.65,30.05,17.72,37.00,70.50,20.48,11.90,48.35,12.80,#N/A N/A,40.50,201.49,7.42,18.61,139.96,164.53,21.83
2017-08-11,46.21,13.00,22.06,119.55,9.46,100.85,89.03,19.77,111.82,438.39,8.79,23.22,17.85,29.36,17.33,37.13,68.64,19.84,13.55,48.09,12.52,#N/A N/A,39.92,198.63,6.93,18.83,138.27,157.89,22.06
2017-08-18,47.25,13.04,22.74,120.01,9.17,104.12,88.34,19.70,114.86,450.00,8.23,23.15,17.43,30.33,16.70,36.89,68.35,20.15,13.59,47.73,12.51,#N/A N/A,40.73,196.29,6.81,19.60,142.90,153.58,22.08
2017-08-25,47.41,13.40,22.65,120.49,9.55,106.99,90.22,19.84,118.14,466.19,8.63,23.46,17.70,30.67,17.66,38.47,68.85,20.40,13.50,48.99,12.81,#N/A N/A,41.57,203.87,7.61,19.37,152.10,159.04,22.22
2017-09-01,47.92,13.51,22.25,121.30,9.71,107.01,90.41,20.07,117.71,465.96,8.95,23.13,18.14,31.11,17.03,39.44,69.23,21.21,13.54,49.54,13.17,#N/A N/A,41.78,205.88,6.17,19.63,150.90,158.19,22.26
2017-09-08,48.22,13.56,21.59,119.36,9.46,106.49,95.70,20.04,120.63,462.00,9.02,23.30,18.15,31.46,17.35,40.04,68.14,20.88,12.40,54.97,13.32,#N/A N/A,42.66,218.31,6.66,19.45,149.45,159.56,21.97
2017-09-15,48.22,13.61,22.14,120.52,9.77,105.48,94.20,19.99,117.59,455.31,9.06,24.29,18.25,31.15,18.10,39.47,69.16,21.30,12.79,53.73,13.18,#N/A N/A,43.17,214.15,6.44,19.24,149.99,164.77,21.87
2017-09-22,47.32,13.61,21.66,118.06,9.56,100.60,93.00,20.36,114.51,441.66,8.73,24.15,18.33,29.81,18.06,40.13,69.75,21.33,13.34,53.80,12.94,#N/A N/A,42.11,213.71,6.03,19.10,142.62,158.81,21.96
2017-09-29,44.15,13.81,21.71,118.97,9.40,99.98,91.45,20.67,118.33,446.30,9.04,24.37,18.49,29.80,18.70,38.90,71.12,21.04,13.62,54.54,13.13,#N/A N/A,41.66,213.99,5.99,18.64,144.05,161.01,21.72
2017-10-06,44.84,13.93,21.50,120.45,10.01,101.52,92.41,20.58,118.22,448.83,9.10,23.82,18.34,29.76,18.83,38.12,72.32,21.28,13.69,54.83,13.05,#N/A N/A,41.70,213.42,5.91,18.65,147.32,160.24,21.65
2017-10-13,45.00,14.22,21.77,123.66,10.14,102.50,94.11,20.77,121.78,462.82,9.10,24.18,19.51,29.83,19.32,39.86,72.75,21.41,13.77,54.57,13.04,#N/A N/A,42.60,218.56,5.91,18.29,150.94,166.31,21.69
2017-10-20,43.62,14.17,21.58,122.26,10.01,104.99,92.26,20.32,123.39,468.76,9.08,25.22,19.46,29.77,18.36,40.92,72.22,21.16,13.71,54.97,13.33,#N/A N/A,41.72,215.09,5.75,18.38,147.89,164.72,21.94
2017-10-27,42.08,14.09,21.48,122.16,9.80,103.19,91.25,20.03,116.55,456.51,8.51,24.45,19.44,29.83,19.39,40.00,70.58,20.34,13.29,53.44,13.28,#N/A N/A,40.45,206.90,5.78,18.50,146.72,156.66,21.60
2017-11-03,41.87,14.46,21.41,125.30,9.02,106.51,92.49,20.41,119.06,486.65,8.55,24.02,19.63,30.08,19.63,40.12,72.64,20.36,13.64,56.68,13.59,#N/A N/A,40.81,208.97,5.74,18.02,154.53,155.00,21.61
2017-11-10,41.80,14.97,22.13,126.64,9.16,113.28,94.19,20.58,120.85,482.21,9.00,23.52,19.99,30.58,19.59,40.66,74.85,19.92,13.71,59.08,13.56,#N/A N/A,42.17,211.52,5.95,17.84,168.95,163.75,21.53
2017-11-17,41.89,15.05,21.45,126.21,9.10,110.02,93.08,20.82,118.11,472.80,9.01,23.73,19.89,30.56,19.49,40.77,74.13,20.27,13.44,59.12,13.78,#N/A N/A,42.54,211.85,5.82,18.20,165.21,161.95,21.58
2017-11-24,42.59,15.32,22.01,126.79,9.05,112.72,93.90,21.11,117.54,474.07,9.24,24.13,19.80,30.89,19.13,41.44,74.67,20.74,13.41,60.23,13.80,#N/A N/A,42.68,212.79,5.83,18.43,169.72,158.00,21.71
2017-12-01,42.80,15.38,21.56,128.69,9.15,112.55,91.77,21.20,118.81,469.16,9.00,23.92,19.51,30.75,18.90,40.75,75.58,20.48,13.50,60.15,13.80,#N/A N/A,41.77,212.07,5.77,18.10,169.16,162.35,21.65
2017-12-08,43.28,15.51,21.77,130.00,9.14,109.50,92.16,21.60,114.81,452.39,8.87,23.13,19.84,30.54,19.88,40.12,75.27,20.99,13.49,60.12,13.58,#N/A N/A,42.08,210.84,5.83,17.68,165.19,162.25,21.72
2017-12-15,42.58,15.70,22.25,132.84,10.15,110.65,93.06,22.09,114.46,457.85,9.52,23.95,20.14,31.40,24.80,37.68,75.32,20.80,13.11,60.19,13.99,#N/A N/A,43.26,211.56,5.74,18.01,163.68,167.81,21.80
2017-12-22,40.31,15.49,21.78,129.46,10.00,108.55,90.91,21.14,110.98,446.60,8.89,23.41,20.14,29.80,24.67,37.66,73.57,20.60,13.27,59.21,13.59,#N/A N/A,42.34,205.97,5.84,17.57,160.22,167.07,21.73
2017-12-29,41.03,15.53,21.84,130.59,9.63,111.01,92.06,21.34,113.90,453.22,8.68,24.06,19.85,30.04,32.31,37.73,74.65,20.01,13.43,59.38,13.78,#N/A N/A,43.13,209.00,5.82,17.60,163.36,171.74,21.35
2018-01-05,39.64,15.07,20.93,127.00,9.70,108.03,88.38,20.85,113.00,449.49,8.63,22.77,19.86,28.81,29.42,36.80,72.17,19.83,13.57,57.61,13.28,#N/A N/A,41.39,201.92,5.72,17.75,162.87,168.15,20.92
2018-01-12,38.95,14.37,20.46,125.12,9.52,103.57,84.77,20.52,105.78,435.95,8.67,22.45,20.36,27.29,30.25,36.22,71.55,19.80,13.39,55.95,12.76,#N/A N/A,39.95,193.55,5.84,17.93,155.94,165.51,20.94
2018-01-19,38.53,14.58,20.41,125.95,9.52,107.35,84.81,20.50,107.30,437.89,8.34,21.85,20.72,27.44,28.17,35.49,70.87,19.75,12.98,56.61,12.90,#N/A N/A,40.33,193.56,5.68,17.81,165.79,164.24,20.93
2018-01-26,39.31,14.65,20.36,126.47,9.68,110.63,86.48,20.87,111.65,441.59,8.26,22.15,21.24,27.71,29.21,35.76,71.53,19.73,13.07,56.07,13.14,#N/A N/A,40.78,192.85,5.76,17.74,172.28,163.71,21.05
2018-02-02,37.24,13.97,20.25,124.12,8.90,112.10,83.40,20.43,107.71,437.35,8.01,20.95,20.11,27.32,26.55,33.66,68.90,19.20,12.16,53.72,12.61,#N/A N/A,38.55,190.31,5.78,17.07,173.21,156.52,20.34
2018-02-09,35.48,13.15,18.86,118.04,8.71,103.86,80.75,20.03,102.21,425.81,7.59,20.70,19.52,26.20,26.49,33.10,65.45,18.71,12.10,52.37,12.44,#N/A N/A,37.29,187.16,5.74,16.53,159.73,157.20,19.75
2018-02-16,36.77,13.55,19.69,122.66,8.94,109.12,83.36,19.67,102.20,403.30,7.46,20.88,19.88,26.63,25.92,33.17,68.43,19.72,12.51,52.55,12.80,#N/A N/A,38.33,188.75,5.81,16.32,169.12,156.09,20.24
2018-02-23,37.66,13.47,19.27,122.65,8.88,110.44,81.76,19.60,102.20,394.84,7.51,18.77,19.21,26.10,25.89,31.96,68.38,19.70,12.79,53.27,12.66,#N/A N/A,38.29,195.68,5.81,16.60,172.93,156.66,20.18
2018-03-02,36.59,13.35,19.43,123.49,9.22,104.56,78.55,19.53,98.22,381.82,7.98,18.03,18.44,25.25,24.98,31.55,67.73,19.49,12.47,52.74,12.56,#N/A N/A,37.70,195.00,5.71,16.96,152.91,155.52,20.42
2018-03-09,37.95,13.63,19.78,125.98,9.82,110.99,82.54,19.93,103.14,395.16,8.61,18.46,18.91,25.64,26.55,33.25,70.07,20.15,13.02,53.81,13.06,#N/A N/A,38.74,199.96,5.75,17.08,166.49,156.57,20.97
2018-03-16,37.74,13.97,19.86,128.24,9.74,109.08,84.76,20.12,106.37,419.89,8.44,18.97,19.18,26.20,28.04,32.52,72.01,20.70,12.96,54.50,12.89,#N/A N/A,38.79,198.01,6.05,17.09,168.69,157.13,21.40
2018-03-23,36.01,12.97,19.05,118.60,9.27,109.66,81.09,19.62,102.30,401.68,8.25,18.83,17.98,25.11,26.02,30.89,68.54,19.79,12.78,53.55,12.48,#N/A N/A,37.32,193.05,5.80,16.13,168.87,151.73,20.92
2018-03-30,38.62,13.69,20.08,124.89,9.62,109.61,84.18,20.40,105.38,418.14,8.35,19.50,18.64,26.45,26.75,32.86,70.96,20.06,12.08,55.68,13.00,#N/A N/A,39.26,200.39,5.91,15.99,170.92,154.35,20.95
2018-04-06,38.72,13.66,19.71,122.07,10.20,108.01,84.89,20.16,104.30,407.04,8.22,19.12,18.45,26.43,30.32,33.53,69.49,19.90,12.78,56.79,12.69,#N/A N/A,39.36,199.28,5.81,16.54,169.73,154.10,20.97
2018-04-13,38.55,13.49,19.74,122.05,10.38,103.76,85.56,19.86,102.44,401.45,8.04,19.13,19.14,25.19,34.95,33.35,69.63,19.64,12.59,57.51,12.55,#N/A N/A,38.18,197.28,5.70,17.18,164.54,151.73,20.80
2018-04-20,38.06,13.40,19.73,121.30,10.24,102.62,84.77,20.12,102.32,406.06,7.85,19.53,19.42,24.57,31.51,33.34,69.08,19.79,12.41,56.90,12.44,#N/A N/A,37.51,192.75,5.77,17.49,165.69,147.25,20.67
2018-04-27,39.38,13.64,20.08,124.86,10.40,101.31,86.11,20.73,107.80,421.15,7.55,19.48,19.75,24.76,33.53,34.50,72.69,19.86,12.67,59.39,12.81,#N/A N/A,38.43,202.45,5.94,18.19,158.95,156.14,21.01
2018-05-04,39.49,13.93,20.49,128.55,10.17,103.31,86.44,21.14,106.39,403.88,7.40,18.87,19.84,25.50,34.13,34.49,73.23,20.01,12.58,60.03,13.13,#N/A N/A,39.85,207.39,5.65,17.39,159.14,159.34,21.41
2018-05-11,39.83,13.92,20.95,128.04,10.78,103.61,87.40,20.83,108.79,401.89,8.12,19.08,20.73,26.00,33.28,33.53,74.58,20.30,12.78,61.92,13.39,#N/A N/A,40.33,211.60,5.70,18.00,160.10,159.89,21.51
2018-05-18,36.85,13.73,19.70,121.22,10.36,102.23,82.96,19.86,105.24,385.86,8.21,18.76,20.50,24.38,33.63,32.08,71.91,20.18,12.72,59.83,13.03,#N/A N/A,39.22,203.59,6.21,18.36,157.69,154.18,21.57
2018-05-25,38.30,14.33,19.62,123.50,10.77,102.74,85.60,19.95,106.56,388.05,8.41,18.40,21.56,24.79,36.65,32.99,74.74,20.39,12.76,60.95,13.31,#N/A N/A,40.72,208.49,5.78,18.89,157.91,159.49,21.77
2018-06-01,41.00,14.36,20.17,125.58,10.77,103.80,89.24,20.00,108.51,399.21,8.54,18.38,21.91,25.81,37.88,33.95,75.94,20.29,12.76,61.80,13.62,#N/A N/A,41.11,211.62,5.79,18.69,158.48,160.80,21.77
2018-06-08,42.37,14.59,20.95,127.19,10.33,103.04,91.13,19.91,109.57,403.35,8.70,17.97,22.09,24.95,37.99,34.61,76.95,20.31,12.72,62.75,13.96,#N/A N/A,41.96,216.55,5.77,18.77,157.32,165.38,22.24
2018-06-15,42.72,14.74,21.03,127.84,10.51,101.09,90.31,20.03,106.23,398.76,8.95,18.49,21.29,25.43,35.75,33.26,75.70,20.11,12.73,61.99,13.91,#N/A N/A,42.14,214.02,5.74,18.77,156.17,164.48,22.12
2018-06-22,43.08,15.19,21.85,127.08,10.73,103.60,92.19,19.48,107.89,418.86,9.08,18.98,21.42,26.34,35.06,35.00,75.03,20.55,12.73,64.33,14.11,#N/A N/A,43.73,225.96,5.96,19.34,162.06,172.85,22.43
2018-06-29,42.88,14.90,22.18,126.17,11.30,107.82,91.13,19.76,111.58,429.89,8.80,19.75,21.07,26.96,36.62,35.01,75.64,19.78,12.67,64.87,14.04,#N/A N/A,43.96,226.86,5.78,18.97,165.12,170.19,21.71
2018-07-06,43.17,15.53,22.54,127.67,11.76,111.27,91.65,19.94,115.30,445.70,8.87,19.68,21.32,27.36,35.48,35.89,76.20,20.51,12.60,66.83,14.45,#N/A N/A,44.94,232.21,5.79,19.81,165.46,172.99,22.32
2018-07-13,42.70,15.38,22.71,127.91,11.75,111.06,91.51,19.86,116.24,443.43,6.24,19.83,21.18,26.63,34.51,36.64,76.40,20.71,12.04,64.81,14.34,#N/A N/A,44.37,228.08,5.74,19.03,164.61,171.69,22.25
2018-07-20,42.05,15.14,22.67,124.69,11.34,110.33,89.94,19.48,116.00,434.22,6.50,20.07,21.28,26.94,32.91,34.95,73.61,20.64,11.48,63.71,14.18,#N/A N/A,44.52,222.12,5.90,18.47,162.26,170.50,22.27
2018-07-27,40.68,14.81,21.93,122.55,11.15,109.06,90.32,18.85,121.11,443.20,6.53,19.68,20.81,26.91,32.29,34.46,71.63,20.50,11.59,63.05,14.05,#N/A N/A,44.49,215.36,5.79,17.68,160.07,168.58,22.51
2018-08-03,41.28,15.47,22.59,127.46,11.48,112.49,93.85,19.32,122.58,455.43,6.72,19.45,21.63,28.24,33.14,35.76,73.57,20.59,11.81,65.30,14.58,#N/A N/A,45.76,213.98,5.82,17.07,158.49,178.27,22.79
2018-08-10,40.53,15.42,22.40,125.21,10.10,110.34,92.38,19.63,120.96,437.24,6.62,20.17,20.27,27.96,35.19,34.60,71.53,19.94,12.52,64.87,14.38,#N/A N/A,44.91,214.73,5.80,17.14,156.10,174.38,21.66
2018-08-17,42.07,15.99,23.00,129.76,10.81,113.86,94.90,20.45,124.03,438.77,7.03,20.96,20.93,28.91,34.74,36.48,73.00,20.13,13.22,68.16,14.93,#N/A N/A,45.93,223.57,5.79,16.85,157.82,178.48,21.98
2018-08-24,41.93,15.85,23.01,126.63,10.88,112.43,94.49,20.08,123.64,430.02,6.77,21.14,20.96,28.60,40.74,35.90,72.79,21.29,13.28,65.72,14.91,#N/A N/A,46.06,213.30,5.73,16.21,156.03,180.92,21.94
2018-08-31,41.93,15.59,23.20,128.35,11.43,114.03,95.06,20.25,124.28,436.13,7.06,21.56,21.53,28.57,45.40,36.10,73.14,21.20,13.70,65.07,15.05,#N/A N/A,46.09,212.58,5.72,16.50,155.23,183.03,22.03
2018-09-07,41.66,15.47,22.87,126.65,11.49,113.02,93.99,19.84,122.65,431.09,6.67,21.41,21.41,27.62,42.96,35.36,72.10,20.75,13.16,64.29,14.89,#N/A N/A,45.76,209.11,5.63,16.98,158.18,181.69,22.33
2018-09-14,42.26,15.25,22.49,126.99,11.06,111.55,94.54,19.77,121.89,448.14,6.56,21.28,21.57,27.35,41.75,35.65,71.44,20.50,12.58,64.36,14.66,#N/A N/A,45.44,206.58,5.65,17.76,159.66,182.50,22.31
2018-09-21,42.03,14.89,22.75,126.80,11.82,111.71,94.91,19.72,120.92,441.68,6.59,21.70,21.12,26.76,47.47,35.91,71.41,20.55,12.45,64.07,14.69,#N/A N/A,44.37,204.23,5.51,18.82,160.53,180.48,21.88
2018-09-28,41.16,15.11,21.89,125.79,11.65,111.33,93.57,19.37,112.48,432.89,6.70,21.47,21.10,26.67,48.24,34.52,71.69,20.17,12.34,63.44,14.91,#N/A N/A,44.82,201.63,5.70,18.73,160.63,176.75,21.52
2018-10-05,41.00,14.77,20.90,122.88,11.24,108.74,92.07,18.24,109.79,417.32,6.98,20.80,20.10,25.71,42.59,33.29,70.72,19.88,12.03,61.20,14.29,#N/A N/A,43.93,199.01,5.65,17.96,152.82,171.28,21.08
2018-10-12,39.20,14.51,20.21,120.04,9.90,104.95,89.23,17.70,107.43,395.94,6.06,19.86,19.18,25.01,42.61,31.59,69.03,19.59,11.94,59.97,14.06,#N/A N/A,43.26,196.85,5.64,17.02,147.61,171.18,21.32
2018-10-19,40.30,14.98,20.76,122.42,10.68,106.93,93.02,18.24,112.58,414.31,6.81,20.27,19.10,25.93,40.28,32.18,70.62,20.11,12.07,61.67,14.72,#N/A N/A,45.76,199.96,5.53,16.57,154.38,174.77,21.65
2018-10-26,40.22,15.00,20.82,121.09,10.20,103.54,90.36,18.07,106.01,385.22,6.88,19.59,18.43,26.26,41.43,30.48,68.31,19.86,12.51,61.67,14.76,#N/A N/A,46.83,200.82,5.56,17.50,151.21,179.76,21.45
2018-11-02,39.52,14.80,19.95,120.12,10.21,109.34,89.53,18.00,107.53,392.43,7.00,21.89,18.68,25.35,40.89,31.18,68.20,19.95,12.42,60.87,15.34,#N/A N/A,46.88,199.23,5.53,17.88,164.87,180.41,21.58
2018-11-09,41.34,15.47,20.52,124.46,9.73,110.87,92.54,18.06,110.62,384.94,7.48,23.02,18.90,26.33,44.51,32.77,70.74,20.64,13.10,64.11,16.72,#N/A N/A,49.15,206.35,5.35,18.43,171.51,188.69,22.01
2018-11-16,41.70,15.07,19.82,122.83,9.44,112.12,92.28,17.98,111.41,388.63,6.61,23.42,19.26,26.90,50.26,33.86,69.13,19.48,12.86,65.17,16.61,#N/A N/A,49.17,211.37,5.46,18.93,172.02,185.07,22.23
2018-11-23,43.24,14.78,19.84,121.59,9.61,107.96,93.41,17.78,109.38,380.40,6.22,23.27,18.93,27.47,54.59,32.42,67.60,19.07,12.85,64.04,16.47,#N/A N/A,49.13,207.66,5.64,19.13,165.64,182.43,21.92
2018-11-30,43.83,15.21,20.83,124.50,9.40,114.90,95.16,18.22,115.04,385.28,6.20,22.85,19.00,28.12,49.35,33.97,70.09,19.50,13.22,65.09,17.27,#N/A N/A,50.06,213.26,5.60,19.74,170.81,185.69,22.37
2018-12-07,43.73,15.19,20.94,126.17,9.86,115.76,92.93,18.38,115.72,386.47,5.77,23.08,18.39,28.65,49.94,34.05,70.67,19.71,13.41,67.45,16.97,#N/A N/A,50.82,214.14,5.26,19.01,168.17,188.42,22.35
2018-12-14,43.39,15.23,20.62,122.50,10.07,114.55,91.50,17.46,114.32,386.90,5.21,22.12,17.78,27.30,52.11,35.02,65.88,19.52,12.58,67.54,16.85,#N/A N/A,50.65,203.47,5.37,19.23,172.50,182.66,21.82
2018-12-21,42.17,14.44,19.52,115.34,8.75,106.20,89.40,15.76,106.10,350.31,4.78,19.55,16.54,25.67,44.98,32.13,62.79,18.97,11.84,63.69,16.25,#N/A N/A,48.41,203.30,5.05,19.55,161.79,164.88,19.85
2018-12-28,41.12,14.02,19.80,113.94,8.83,108.12,87.31,15.65,106.07,352.85,4.50,19.42,16.68,25.39,45.89,32.39,61.95,19.12,11.52,61.97,16.01,#N/A N/A,48.42,201.90,5.11,19.17,162.49,168.10,19.96
2019-01-04,41.19,14.07,19.66,113.44,8.91,108.07,84.94,15.94,104.81,353.79,5.70,20.99,16.87,25.24,46.30,33.18,62.43,19.64,11.97,60.29,16.05,#N/A N/A,47.81,196.60,5.20,17.81,162.94,167.38,19.99
2019-01-11,42.76,14.81,20.78,120.34,9.46,107.38,88.79,17.01,106.64,371.43,5.93,21.67,17.74,26.38,51.78,34.83,67.06,20.01,12.60,61.52,16.60,#N/A N/A,49.45,200.70,5.08,17.32,169.79,172.35,20.78
2019-01-18,43.41,14.54,21.44,124.26,9.98,107.61,91.93,17.18,107.25,374.67,5.77,22.15,17.52,26.87,54.32,35.64,68.28,20.20,11.60,62.00,17.09,#N/A N/A,49.98,203.13,4.93,17.36,173.05,173.96,21.14
2019-01-25,44.67,14.51,21.49,125.41,10.11,113.70,93.52,17.49,104.17,369.44,5.57,22.62,17.49,27.49,59.94,36.05,68.56,20.14,11.47,63.22,17.54,#N/A N/A,50.84,205.64,4.88,16.60,177.27,177.11,21.32
2019-02-01,45.21,14.99,22.15,130.64,11.05,116.98,96.69,17.70,108.56,396.38,5.51,22.45,18.04,28.24,63.31,36.61,69.89,20.51,11.89,65.27,17.67,#N/A N/A,52.29,209.50,5.06,17.76,181.14,179.21,21.94
2019-02-08,45.85,15.19,22.74,132.37,11.55,118.37,98.92,17.97,112.32,395.82,5.52,23.01,17.97,28.42,64.31,36.51,72.36,20.42,12.08,67.60,18.46,#N/A N/A,53.18,210.57,5.57,18.09,183.22,184.10,22.13
2019-02-15,45.63,15.46,22.97,134.86,11.76,120.13,98.70,17.96,115.03,421.39,5.62,23.45,18.64,28.50,64.99,35.12,73.97,20.34,12.49,66.67,18.36,#N/A N/A,52.57,207.74,5.41,19.04,185.50,183.36,21.82
2019-02-22,45.15,15.63,21.90,136.72,12.66,119.87,97.62,18.00,118.49,428.54,5.37,23.97,20.14,28.76,72.99,35.58,74.85,20.19,12.27,64.89,18.50,#N/A N/A,52.69,201.14,5.36,19.82,182.55,183.63,22.16
2019-03-01,45.03,15.20,21.77,135.91,13.24,119.23,97.66,17.53,114.65,432.79,5.10,24.68,19.55,28.22,78.06,35.78,73.90,20.30,12.16,65.03,18.08,#N/A N/A,51.80,212.00,5.66,18.99,182.11,175.57,22.27
2019-03-08,45.60,15.17,22.09,137.60,12.17,120.96,99.12,17.80,111.99,430.38,5.18,25.32,19.29,27.90,69.25,34.78,73.95,20.03,11.83,63.26,18.04,#N/A N/A,52.15,214.32,5.69,19.25,183.47,174.22,22.21
2019-03-15,46.56,15.42,22.76,140.52,11.28,125.03,100.77,17.63,115.23,441.61,6.18,24.89,19.16,28.79,80.29,34.93,74.80,20.38,12.04,63.83,18.30,#N/A N/A,53.06,217.62,5.63,20.64,190.95,176.09,22.58
2019-03-22,46.80,15.18,22.59,141.72,12.01,125.50,99.81,17.87,119.12,451.50,5.99,25.11,18.80,28.29,87.75,35.12,76.10,20.37,12.13,63.69,18.54,#N/A N/A,54.18,222.12,5.69,20.16,197.12,177.60,22.60
2019-03-29,47.58,15.59,22.72,142.56,12.08,128.00,101.50,18.01,119.00,453.16,6.40,25.64,18.90,28.59,81.69,35.46,75.96,20.02,12.65,64.85,18.51,#N/A N/A,55.39,217.78,5.68,21.81,199.66,182.21,22.35
2019-04-05,48.25,15.70,23.06,143.97,13.37,129.10,101.71,18.23,122.41,466.62,6.60,25.60,19.33,28.66,82.58,36.36,76.56,20.14,12.39,64.83,18.75,#N/A N/A,53.62,218.57,5.50,22.70,201.01,184.80,22.52
2019-04-12,48.42,15.66,23.60,144.35,12.98,128.87,102.62,17.87,122.73,463.38,6.66,25.84,19.22,28.52,84.70,36.53,77.15,20.27,12.52,64.35,18.76,#N/A N/A,53.55,221.76,5.59,23.14,204.24,185.52,22.72
2019-04-19,47.33,15.64,23.31,138.66,13.27,122.62,98.63,17.60,120.45,446.44,6.58,25.61,18.90,27.50,80.74,35.94,75.34,20.18,12.54,62.81,17.24,#N/A N/A,51.54,217.45,5.48,23.17,198.18,178.06,22.57
2019-04-26,47.70,15.97,24.01,143.32,13.70,124.01,100.67,17.91,116.79,453.05,6.42,26.99,19.18,28.01,86.85,32.44,77.70,20.26,12.51,63.46,17.48,#N/A N/A,53.16,218.95,5.84,25.70,201.07,178.61,23.05
2019-05-03,47.31,16.03,24.28,142.30,13.34,124.79,100.83,18.34,120.70,476.99,6.61,27.69,19.88,28.06,86.21,31.60,77.90,20.46,12.65,64.29,18.10,#N/A N/A,53.45,226.75,5.73,25.31,206.92,179.41,23.05
2019-05-10,45.91,16.41,23.79,142.73,12.88,125.68,100.98,18.18,117.58,479.82,6.48,26.72,19.21,27.45,81.23,31.35,77.50,20.25,12.48,63.47,17.88,#N/A N/A,52.82,225.51,5.63,27.38,210.39,175.21,22.54
2019-05-17,46.67,16.47,24.04,146.30,12.45,127.25,102.94,18.78,117.98,490.28,6.09,26.18,19.18,28.18,88.86,32.09,77.10,20.24,12.68,63.69,18.24,#N/A N/A,53.26,230.12,5.54,28.32,209.98,174.46,22.66
2019-05-24,47.34,16.55,24.40,145.34,11.93,127.83,104.30,18.66,119.98,496.52,6.07,27.16,19.26,28.81,87.29,31.31,75.32,20.31,12.69,65.08,18.76,#N/A N/A,53.73,236.23,5.72,29.17,208.74,171.33,22.78
2019-05-31,46.32,16.50,24.41,146.41,10.33,130.01,103.36,18.41,117.72,485.79,6.19,25.91,18.11,28.79,84.03,30.65,73.71,19.78,12.40,64.19,17.78,#N/A N/A,53.53,237.88,5.66,27.29,216.41,162.09,22.05
2019-06-07,47.17,16.80,24.79,150.70,9.98,135.22,106.21,18.63,116.00,499.60,6.36,26.23,18.34,28.87,95.19,31.19,75.62,20.19,12.24,65.55,18.33,#N/A N/A,54.49,245.21,5.54,29.84,220.50,163.39,22.71
2019-06-14,47.00,17.02,24.72,151.30,9.97,133.31,106.16,18.58,119.76,509.92,6.46,26.99,18.31,28.85,108.48,31.73,77.36,20.36,12.25,65.41,18.04,#N/A N/A,55.28,243.31,5.44,29.52,226.50,162.92,22.92
2019-06-21,46.78,17.19,24.99,145.28,9.70,135.78,106.17,18.32,123.15,508.09,6.80,27.53,18.17,28.37,117.52,32.06,75.96,20.22,11.60,64.70,18.21,#N/A N/A,55.00,240.50,5.40,28.61,231.91,164.09,23.06
2019-06-28,46.16,16.55,24.31,141.09,9.80,130.35,104.39,18.11,117.79,504.29,7.05,28.18,18.22,27.43,123.56,31.30,73.81,19.92,11.53,63.39,17.44,#N/A N/A,53.01,238.17,5.48,30.20,224.84,159.76,22.72
2019-07-05,47.60,16.90,25.12,145.00,9.41,134.23,107.43,18.49,121.04,518.18,6.75,28.35,18.41,27.63,130.16,31.59,76.12,20.02,11.63,65.86,18.29,#N/A N/A,54.12,245.22,5.62,30.99,232.61,162.96,22.93
2019-07-12,48.83,16.60,25.47,145.70,9.26,132.52,108.71,18.44,120.07,518.01,6.54,28.05,18.20,27.85,126.08,30.17,76.93,20.14,11.66,67.06,18.51,#N/A N/A,53.78,248.68,5.58,32.52,233.97,162.26,23.25
2019-07-19,47.78,16.69,24.88,141.58,9.35,125.48,106.10,18.46,117.73,506.61,6.23,27.53,17.67,27.29,123.32,30.06,76.18,20.09,11.33,64.82,17.49,#N/A N/A,51.69,244.08,8.27,32.98,228.40,156.44,23.04
2019-07-26,46.74,16.78,24.97,143.46,9.12,130.58,105.91,18.59,111.53,488.81,6.05,27.89,17.61,26.82,107.73,29.91,80.04,20.06,11.51,64.75,17.82,#N/A N/A,52.25,239.43,8.76,33.28,236.82,158.33,23.03
2019-08-02,46.81,17.19,24.21,144.87,8.41,135.23,103.94,19.22,117.21,524.09,5.99,27.50,17.07,27.13,102.71,31.44,78.20,19.87,11.56,67.07,17.87,#N/A N/A,53.17,249.54,8.79,33.52,248.62,159.25,23.28
2019-08-09,46.75,17.38,24.77,145.32,8.92,141.24,105.78,19.88,120.30,552.42,6.41,27.94,16.64,27.57,102.50,30.58,77.53,19.39,11.69,68.76,18.11,#N/A N/A,54.99,257.05,9.13,29.21,254.29,154.95,23.68
2019-08-16,47.19,17.44,24.91,148.10,9.16,142.92,106.18,20.71,123.67,551.81,6.40,27.17,15.85,28.12,106.10,31.49,78.57,19.13,11.64,68.75,18.15,#N/A N/A,54.88,258.78,9.13,28.85,260.29,148.61,23.48
2019-08-23,46.56,17.11,25.25,146.83,8.26,146.34,106.37,20.33,120.72,549.42,6.24,26.53,15.69,27.76,101.50,31.14,77.40,19.07,11.49,69.28,18.31,#N/A N/A,55.55,259.50,9.31,27.80,260.80,146.03,23.49
2019-08-30,46.48,17.34,25.58,149.84,9.07,145.17,108.25,20.55,123.63,556.28,6.03,27.63,16.04,28.36,89.16,31.85,77.86,18.91,11.51,70.64,18.59,#N/A N/A,56.15,264.74,9.26,29.30,262.43,148.94,23.43
2019-09-06,47.36,17.67,25.25,153.11,9.12,146.44,110.95,21.01,128.62,554.09,6.43,27.58,16.66,28.72,83.30,33.05,77.82,19.27,11.71,69.43,19.22,#N/A N/A,55.90,257.50,9.04,27.67,262.38,151.25,23.81
2019-09-13,47.30,18.02,24.37,151.52,9.54,136.44,107.78,20.87,124.32,536.80,6.90,27.82,17.32,27.65,91.33,32.55,76.00,19.74,11.98,68.28,18.46,#N/A N/A,53.05,243.45,9.45,30.43,243.52,153.93,24.39
2019-09-20,47.14,18.30,25.33,153.44,9.54,140.58,110.00,20.97,125.03,566.45,6.61,28.99,17.24,28.58,95.21,32.00,78.60,20.07,11.96,69.75,19.04,#N/A N/A,55.72,247.80,9.44,29.58,256.77,155.04,24.79
2019-09-27,47.93,17.99,25.79,153.11,9.32,137.87,110.84,21.23,128.85,576.62,6.51,29.10,17.11,29.57,95.74,32.18,77.55,19.50,11.89,70.55,19.47,#N/A N/A,56.41,245.01,9.60,30.02,236.83,157.96,24.30
2019-10-04,48.85,18.30,26.04,154.80,9.04,137.92,112.78,21.69,130.27,581.65,6.36,28.54,16.62,29.65,91.28,32.21,77.88,19.39,11.67,70.95,19.47,#N/A N/A,56.99,246.82,9.12,33.59,236.58,148.00,24.13
2019-10-11,48.61,18.01,26.10,153.97,8.90,136.68,112.82,21.57,129.31,566.61,6.55,28.75,16.66,29.33,78.77,32.24,78.09,19.37,11.87,71.18,19.77,#N/A N/A,56.87,245.96,8.16,34.27,241.47,148.60,24.25
2019-10-18,49.17,18.27,25.83,156.01,9.04,144.06,114.73,21.89,132.98,576.41,6.70,28.96,16.44,30.31,72.54,33.50,78.25,19.74,11.89,71.59,20.10,#N/A N/A,57.31,241.55,8.03,33.98,244.10,149.92,24.66
2019-10-25,50.29,18.22,26.25,158.25,9.32,141.00,113.83,22.02,132.82,565.74,6.58,29.15,16.68,30.23,71.85,34.09,82.08,20.22,11.94,69.55,20.45,#N/A N/A,57.89,234.00,7.62,33.54,244.15,155.56,24.25
2019-11-01,50.00,18.77,26.33,158.42,9.37,137.42,114.35,22.31,126.80,562.24,6.92,30.11,16.76,30.74,75.54,33.52,84.50,19.83,12.01,72.05,20.82,#N/A N/A,57.70,219.26,7.87,34.28,240.18,154.10,24.39
2019-11-08,47.11,17.51,25.71,153.91,9.21,130.81,110.12,22.84,116.57,530.31,6.77,29.25,17.17,29.09,85.22,32.54,82.70,19.77,12.10,72.01,19.95,#N/A N/A,55.20,211.35,8.74,33.75,228.46,154.49,24.26
2019-11-15,47.07,17.89,26.51,158.76,9.67,134.68,112.29,22.82,118.87,550.41,6.58,28.73,17.14,29.48,85.48,33.58,82.85,19.75,12.09,73.17,20.25,#N/A N/A,56.61,213.21,8.03,35.43,237.26,154.00,23.99
2019-11-22,46.68,17.47,26.26,159.67,9.77,132.32,109.45,22.87,119.60,557.58,6.36,28.59,16.91,29.40,77.93,33.79,81.21,19.85,12.10,73.03,19.70,#N/A N/A,55.26,209.02,7.91,37.94,232.35,147.70,24.13
2019-11-29,48.04,18.06,26.71,162.52,9.81,133.66,111.55,23.26,120.95,566.85,6.67,29.35,17.49,30.35,77.41,32.12,83.24,20.19,12.68,73.01,20.76,#N/A N/A,55.74,210.68,9.00,40.85,236.47,151.21,24.50
2019-12-06,48.21,18.46,26.35,161.94,9.41,135.46,110.48,23.29,118.37,559.19,6.60,29.51,17.89,30.66,73.09,32.75,84.22,20.49,13.09,72.22,21.27,#N/A N/A,54.58,213.85,8.87,41.87,236.49,148.24,24.81
2019-12-13,46.01,18.47,25.62,156.47,9.45,132.68,105.25,22.67,113.71,551.84,6.45,31.16,17.95,28.95,74.01,31.59,81.55,20.29,12.86,69.46,19.87,#N/A N/A,51.72,205.43,8.81,39.02,235.48,144.35,24.74
2019-12-20,46.20,18.33,25.90,159.24,9.02,142.00,105.77,23.40,118.02,577.71,6.62,32.42,18.71,30.14,70.97,31.96,82.77,20.65,12.80,71.55,20.70,#N/A N/A,52.27,211.50,8.38,39.75,241.22,145.49,25.12
2019-12-27,46.60,18.15,26.02,160.40,9.25,141.08,105.18,23.40,118.18,582.50,6.91,32.12,18.86,30.11,75.34,31.81,83.58,20.88,12.84,71.65,20.71,#N/A N/A,52.96,211.64,8.33,39.81,241.41,147.59,25.45
2020-01-03,46.40,18.18,26.30,160.64,8.85,142.46,105.90,23.49,119.94,585.12,6.66,31.62,18.04,29.96,75.11,30.64,83.04,20.42,12.96,72.31,20.93,#N/A N/A,53.20,213.70,8.51,40.34,241.03,145.35,24.84
2020-01-10,45.75,18.21,26.24,158.57,8.81,142.40,106.22,22.96,120.37,594.00,6.86,32.39,17.52,30.23,80.30,30.66,80.95,20.57,13.07,73.30,21.28,#N/A N/A,53.52,215.82,7.81,40.58,244.83,144.79,24.77
2020-01-17,46.33,18.74,26.95,162.90,8.92,145.25,109.97,23.53,124.44,588.00,6.69,33.59,17.88,31.06,82.50,31.38,82.30,20.92,13.43,75.95,22.29,#N/A N/A,55.34,220.75,8.40,42.01,252.04,147.77,25.40
2020-01-24,46.90,19.11,27.37,164.66,8.19,149.90,111.04,24.12,128.26,591.96,6.78,34.18,17.08,32.10,80.76,31.55,82.35,21.00,13.51,76.20,22.40,#N/A N/A,56.51,224.47,7.90,45.26,253.15,144.82,25.52
2020-01-31,45.87,18.34,27.33,163.20,7.98,149.84,112.43,24.21,122.99,589.73,6.48,34.09,16.34,32.03,89.50,31.61,82.57,21.05,13.23,75.45,22.15,#N/A N/A,56.00,223.76,8.00,44.96,249.56,133.15,25.66
2020-02-07,46.07,18.38,27.89,167.55,8.01,150.49,112.86,24.59,123.28,606.00,6.61,35.99,16.70,31.99,92.52,31.83,85.25,21.23,13.46,76.02,23.28,#N/A N/A,56.85,225.23,8.72,49.72,258.82,141.02,26.01
2020-02-14,47.96,18.84,29.52,174.93,8.16,165.97,118.89,25.24,131.50,648.65,6.79,36.68,16.91,33.51,98.96,33.14,88.28,21.39,14.00,78.10,24.08,#N/A N/A,57.04,232.82,12.03,53.00,294.61,138.92,25.94
2020-02-21,48.49,18.84,28.77,167.98,8.35,168.06,120.42,25.27,138.13,655.99,6.80,39.21,17.38,33.75,105.58,34.45,86.35,21.74,14.38,78.33,24.15,#N/A N/A,58.15,225.77,12.88,56.68,295.65,142.25,25.98
2020-02-28,43.44,16.76,25.89,151.88,7.36,143.29,105.98,23.77,120.11,572.80,5.91,33.95,14.48,31.14,91.94,30.41,72.69,19.64,13.43,71.94,21.13,#N/A N/A,50.85,209.12,11.68,54.62,265.09,123.08,22.18
2020-03-06,45.20,17.86,28.94,159.06,6.26,160.82,113.95,25.16,128.24,608.67,6.57,35.83,13.46,34.14,93.75,31.77,74.57,19.53,13.90,79.25,23.02,#N/A N/A,52.98,228.94,11.31,64.24,285.57,119.06,22.38
2020-03-13,37.83,12.77,27.94,147.74,2.99,155.09,95.97,22.96,143.34,621.09,6.21,24.85,11.41,30.07,71.53,28.99,68.99,16.35,11.25,68.02,17.92,#N/A N/A,48.41,211.34,9.14,51.14,281.89,89.77,17.96
2020-03-20,23.08,8.20,19.53,123.31,1.74,128.06,71.04,23.06,121.20,506.52,6.03,17.47,10.64,21.96,59.78,22.71,51.23,9.94,10.51,49.66,14.07,#N/A N/A,29.97,171.22,7.83,52.00,229.33,48.14,10.34
2020-03-27,30.18,9.99,23.13,143.47,1.90,136.89,85.69,23.87,132.85,594.27,5.73,19.92,11.28,25.13,80.77,24.37,62.17,15.57,11.00,62.39,17.68,#N/A N/A,34.25,191.52,9.74,61.23,261.38,58.17,12.91
2020-04-03,25.88,9.23,20.64,129.99,1.24,145.62,71.95,25.26,136.49,624.69,5.82,17.09,9.06,21.94,66.59,22.06,58.40,12.83,11.61,59.90,14.40,#N/A N/A,26.46,194.08,9.64,42.81,264.80,46.72,9.28
2020-04-10,34.05,11.51,24.69,157.80,2.39,164.14,89.09,29.32,148.29,686.94,6.52,24.61,11.91,27.35,75.52,27.11,66.05,16.35,13.15,68.21,18.29,#N/A N/A,35.38,208.59,11.84,58.44,305.81,68.17,13.73
2020-04-17,33.67,8.94,24.85,155.31,2.52,167.05,87.82,27.12,149.20,694.95,6.19,26.81,11.37,24.89,73.44,24.99,64.32,15.05,12.68,62.14,17.17,#N/A N/A,31.19,196.48,12.87,54.22,314.83,56.12,12.46
2020-04-24,29.88,8.72,23.02,149.49,2.39,161.61,83.69,26.79,150.03,685.10,6.46,26.46,11.10,23.21,74.14,23.53,61.81,14.36,13.52,58.85,15.87,#N/A N/A,29.45,187.23,12.36,48.59,305.79,51.49,11.24
2020-05-01,32.76,9.36,23.25,150.99,2.88,156.41,85.13,25.96,145.92,670.85,6.50,26.52,11.44,23.10,75.13,23.60,60.13,15.83,13.70,57.47,16.67,#N/A N/A,31.60,184.36,12.75,52.39,286.76,63.20,12.77
2020-05-08,31.00,8.90,24.83,152.00,2.77,157.70,88.46,26.28,145.06,678.16,6.56,29.79,11.06,25.40,75.51,24.57,60.50,16.20,14.37,61.83,17.90,#N/A N/A,33.02,190.34,12.86,51.47,291.86,58.02,14.01
2020-05-15,28.47,7.07,23.09,141.43,2.19,150.14,83.80,23.26,130.77,658.66,6.42,27.41,10.06,24.08,74.02,22.42,51.49,13.81,13.00,56.12,16.03,#N/A N/A,28.11,175.97,18.72,48.35,284.10,51.32,11.63
2020-05-22,31.45,7.69,24.18,146.99,2.64,156.20,88.58,24.75,135.81,670.02,6.92,29.46,11.23,26.65,82.88,24.17,54.26,15.40,14.07,59.90,17.47,#N/A N/A,30.89,186.47,18.51,51.03,289.96,54.59,13.07
2020-05-29,32.30,8.62,25.24,153.72,3.40,172.16,91.57,25.07,143.56,697.63,6.90,29.01,11.94,26.47,81.72,25.76,57.12,16.19,14.50,64.99,18.08,#N/A N/A,31.39,202.74,22.09,54.79,314.13,57.70,13.26
2020-06-05,39.21,10.19,27.19,158.59,4.78,168.60,97.63,24.77,141.28,673.50,7.33,30.18,14.01,27.53,93.47,29.71,66.17,17.89,15.46,68.90,20.04,#N/A N/A,39.89,206.37,24.85,61.26,297.18,88.60,16.46
2020-06-12,36.25,9.52,27.15,159.27,4.02,164.37,95.31,23.91,136.00,676.64,6.82,28.27,12.64,27.17,90.09,27.82,63.20,16.91,15.35,64.30,19.38,#N/A N/A,35.64,196.47,24.91,61.25,297.37,75.98,15.24
2020-06-19,36.63,9.10,26.92,165.84,3.31,170.45,93.51,23.50,139.85,711.43,6.60,29.17,11.67,27.26,95.65,26.34,62.53,17.48,15.23,62.65,19.25,#N/A N/A,35.84,190.59,24.29,64.58,302.30,67.12,15.20
2020-06-26,34.70,9.57,26.96,161.83,2.60,161.33,88.69,22.77,140.59,686.54,6.90,27.20,10.74,26.14,89.26,24.67,58.41,17.27,15.31,61.03,18.26,#N/A N/A,34.54,189.28,28.36,54.94,294.19,61.90,15.14
2020-07-03,36.06,10.08,27.54,165.04,2.79,170.72,93.57,23.42,148.59,718.41,6.78,28.38,10.95,26.66,92.79,26.16,59.61,15.95,15.64,65.60,19.03,#N/A N/A,37.00,199.36,26.85,56.97,300.58,68.81,14.50
2020-07-10,32.49,9.44,26.56,160.81,2.42,171.50,89.37,22.88,147.39,716.59,6.82,29.86,10.84,25.70,90.78,26.74,57.88,15.44,15.77,64.25,17.73,#N/A N/A,33.44,194.43,24.75,52.77,304.42,63.98,13.79
2020-07-17,34.18,9.64,27.74,166.75,2.66,168.96,90.71,22.70,143.75,724.23,7.15,33.37,11.01,26.68,93.95,27.27,57.72,16.29,16.09,63.85,18.77,#N/A N/A,35.48,192.30,25.53,52.56,297.64,62.40,14.69
2020-07-24,34.38,9.33,27.27,168.55,2.37,166.70,89.53,22.98,146.99,737.39,6.97,33.56,10.50,26.68,93.06,27.24,56.49,16.47,15.89,62.26,18.92,#N/A N/A,34.40,185.36,24.06,48.70,298.68,60.57,14.47
2020-07-31,35.64,9.64,29.00,177.55,2.44,166.70,90.81,24.45,160.54,785.48,6.91,35.03,10.78,27.61,104.23,28.19,58.27,16.65,16.08,65.42,20.13,#N/A N/A,35.45,199.88,24.55,50.43,311.54,62.35,14.95
2020-08-07,34.87,10.37,29.22,175.65,2.86,168.19,88.90,25.56,158.61,791.70,6.95,38.26,11.50,26.83,114.63,29.45,58.55,17.40,16.50,68.10,19.87,#N/A N/A,36.37,199.25,22.10,51.07,311.28,62.19,15.68
2020-08-14,33.89,10.45,28.10,170.22,2.63,164.63,88.18,23.77,153.32,762.01,6.80,38.61,11.25,25.70,119.91,29.74,58.13,17.89,15.80,68.02,19.18,#N/A N/A,35.80,200.24,22.59,53.69,303.17,68.18,16.25
2020-08-21,32.53,9.90,28.69,170.69,2.25,163.17,87.66,24.60,154.56,782.17,6.87,41.23,10.60,25.74,120.84,30.21,56.92,17.46,15.46,68.23,18.38,#N/A N/A,34.98,206.55,20.54,51.45,305.44,64.52,15.36
2020-08-28,34.25,10.32,28.69,169.71,2.52,163.79,91.08,24.23,154.29,787.02,6.79,42.40,11.69,26.15,125.21,30.34,59.90,18.19,15.58,70.45,18.57,#N/A N/A,36.52,213.44,18.63,55.18,306.19,69.84,16.01
2020-09-04,35.82,10.20,28.65,166.43,2.50,160.59,93.19,23.73,145.18,752.18,6.60,40.40,11.94,26.58,117.72,30.16,57.90,18.45,15.30,71.80,18.40,#N/A N/A,37.45,212.14,18.89,58.43,300.29,70.24,15.63
2020-09-11,34.59,9.71,28.70,158.36,2.54,158.59,89.70,23.47,145.60,747.79,6.50,40.23,11.13,26.06,121.62,29.82,55.02,18.00,15.01,72.44,18.21,#N/A N/A,37.06,220.59,16.71,58.31,304.57,64.15,15.34
2020-09-18,36.32,9.75,28.51,159.35,2.69,159.68,88.97,22.50,144.88,752.07,6.65,39.16,11.15,25.11,124.79,28.33,54.15,17.90,15.36,71.51,17.01,#N/A N/A,37.03,221.01,18.58,57.09,308.70,69.83,16.09
2020-09-25,33.89,9.10,27.69,158.50,2.46,161.71,90.34,22.63,142.02,751.32,6.55,39.55,10.64,25.51,123.36,26.53,52.17,16.70,14.90,70.24,17.14,#N/A N/A,34.21,218.47,18.14,57.13,314.02,63.58,15.29
2020-10-02,37.76,9.57,29.50,164.71,2.55,168.62,94.84,22.83,149.35,778.00,6.84,43.18,11.29,26.80,125.31,27.34,53.92,16.90,15.50,74.17,18.56,#N/A N/A,36.69,230.59,18.91,64.93,318.12,68.20,15.53
2020-10-09,37.07,9.26,29.90,165.15,2.52,167.36,96.32,22.64,158.34,829.35,6.64,45.82,11.58,26.09,131.22,28.25,53.94,17.28,14.41,75.79,18.59,#N/A N/A,35.98,234.01,18.10,64.46,314.63,67.72,15.63
2020-10-16,36.42,8.88,29.11,162.06,2.37,166.90,92.18,22.21,157.70,817.69,6.63,45.54,10.95,25.48,129.51,27.51,51.02,17.25,14.25,77.56,18.05,#N/A N/A,34.19,233.00,18.91,65.54,310.25,64.82,15.32
2020-10-23,37.76,8.96,29.96,160.54,2.39,158.47,92.39,22.17,152.60,777.03,6.77,44.32,11.64,25.58,124.00,27.85,50.21,16.78,14.42,77.56,18.30,#N/A N/A,35.20,235.72,18.34,71.00,302.11,66.88,15.18
2020-10-30,37.46,9.01,28.27,151.52,2.42,156.20,92.24,20.90,144.30,731.24,6.44,41.85,10.48,24.30,116.63,26.06,47.08,16.71,13.87,76.10,17.82,#N/A N/A,32.01,229.07,22.22,68.82,290.37,62.81,13.97
2020-11-06,39.06,8.72,30.57,157.12,2.47,164.07,95.60,21.43,146.68,794.39,6.62,47.21,10.49,26.48,152.38,26.81,48.56,16.25,13.86,76.23,18.79,#N/A N/A,33.26,231.33,24.30,67.47,306.62,61.86,14.27
2020-11-13,40.70,10.38,30.28,164.37,3.34,168.01,100.31,21.82,144.65,760.81,7.71,49.75,13.25,28.18,152.46,25.49,60.58,17.77,14.27,77.74,19.40,#N/A N/A,39.76,234.05,23.38,66.50,304.00,74.70,16.65
2020-11-20,40.50,10.68,28.60,164.14,3.86,166.97,99.70,21.86,142.70,728.12,8.21,52.26,14.15,26.63,151.95,25.69,63.25,18.00,15.03,73.61,19.43,#N/A N/A,39.57,223.64,25.33,67.64,290.10,81.12,17.49
2020-11-27,40.49,10.89,28.53,162.14,4.62,167.17,97.74,21.98,136.73,700.52,8.18,54.62,14.62,26.39,156.79,26.62,63.10,18.44,14.94,72.31,19.57,#N/A N/A,38.39,220.03,23.53,66.77,285.73,85.55,18.53
2020-12-04,42.64,11.35,29.54,170.94,4.57,163.50,100.74,21.71,135.47,708.33,8.24,52.89,15.65,25.84,152.91,29.16,63.68,18.58,14.87,74.20,20.56,#N/A N/A,40.00,224.50,25.62,68.16,286.45,93.91,19.10
2020-12-11,43.00,10.76,29.50,172.58,4.76,157.68,95.96,21.43,130.27,688.86,8.59,56.59,14.51,26.18,161.07,30.38,60.35,18.32,14.79,76.27,20.68,#N/A N/A,39.89,220.06,26.61,68.82,275.62,87.90,18.73
2020-12-18,42.19,10.70,29.13,175.26,4.32,153.81,96.48,21.79,134.02,709.73,8.57,60.63,14.09,27.34,188.54,29.48,56.53,18.25,14.78,77.70,21.08,#N/A N/A,40.43,228.93,29.35,69.88,276.93,85.43,19.40
2020-12-25,43.50,11.12,29.47,174.50,4.14,154.00,98.70,22.19,137.43,705.94,8.55,65.36,14.20,27.47,188.43,29.54,56.63,18.40,14.31,79.61,21.73,#N/A N/A,42.10,228.85,27.57,74.00,275.02,84.37,19.52
2021-01-01,42.77,11.22,30.00,178.22,4.61,159.19,99.92,22.65,139.51,714.18,8.70,63.43,14.63,27.54,183.13,29.48,57.40,17.92,14.64,79.59,21.79,#N/A N/A,40.92,230.93,26.71,72.49,282.13,85.28,19.30
2021-01-08,42.14,11.25,29.70,165.91,4.81,154.06,96.79,22.08,133.60,692.46,9.16,69.89,14.72,26.76,178.44,28.55,55.39,17.84,14.60,78.07,21.07,#N/A N/A,40.09,222.62,40.00,74.27,267.82,86.49,18.80
2021-01-15,43.02,11.37,30.24,168.37,4.98,157.25,100.58,22.74,136.48,707.76,10.28,64.86,14.69,28.59,189.30,30.02,60.46,17.96,15.49,81.94,21.19,#N/A N/A,39.26,224.39,35.43,74.92,269.10,93.00,18.74
2021-01-22,41.70,11.51,31.17,168.84,4.80,158.92,102.55,22.90,140.46,721.16,11.06,67.08,14.42,29.02,194.38,30.15,58.01,17.89,16.44,81.58,21.47,#N/A N/A,40.22,222.79,31.58,76.10,272.71,95.49,19.52
2021-01-29,41.16,10.75,30.23,167.11,5.00,159.26,102.15,21.95,143.95,739.96,10.31,59.15,13.55,28.25,187.12,33.67,56.63,17.12,15.74,81.58,21.11,#N/A N/A,39.00,227.62,37.75,73.58,268.67,92.93,18.76
2021-02-05,42.89,11.33,30.94,171.70,5.35,162.26,101.80,22.75,145.56,754.29,11.37,62.77,14.20,28.81,211.48,32.40,59.09,17.97,16.96,84.08,21.88,#N/A N/A,40.50,229.34,34.44,79.02,273.86,96.75,20.41
2021-02-12,43.46,11.91,32.48,173.06,5.60,164.46,106.54,22.73,140.06,709.81,11.68,61.46,14.90,28.99,214.40,33.17,60.29,18.69,18.60,82.22,22.50,#N/A N/A,42.30,231.86,43.78,82.10,263.94,109.26,21.50
2021-02-19,42.81,12.55,31.33,166.24,6.45,165.80,105.13,21.74,136.45,680.22,11.59,62.02,16.74,27.52,214.57,32.17,57.98,18.54,18.16,82.95,21.86,#N/A N/A,42.25,234.70,43.50,83.71,261.77,109.43,22.10
2021-02-26,40.96,12.91,31.14,159.69,6.98,155.75,104.15,21.98,134.73,648.34,11.96,56.23,16.59,27.16,195.00,34.79,63.46,18.43,17.89,83.90,21.59,#N/A N/A,43.84,233.94,37.57,76.25,255.13,112.92,22.83
2021-03-05,41.85,13.35,29.78,158.35,6.77,150.15,102.69,21.00,132.00,610.56,12.67,53.08,15.80,26.52,173.74,35.79,64.52,18.70,18.33,82.26,21.24,#N/A N/A,42.60,235.05,34.76,69.90,242.19,111.17,22.95
2021-03-12,43.73,13.96,32.20,163.50,6.97,158.68,106.61,21.91,134.19,668.00,14.76,59.08,17.23,28.13,188.48,36.87,69.05,19.15,19.31,87.15,21.94,#N/A N/A,44.20,243.05,37.69,75.59,261.02,117.85,24.39
2021-03-19,42.04,13.00,32.08,165.89,6.74,165.62,107.02,21.25,133.51,653.06,11.64,52.22,17.82,28.29,178.24,35.80,66.64,18.76,18.16,84.41,20.93,#N/A N/A,42.48,233.46,41.00,73.93,266.07,116.69,24.87
2021-03-26,43.82,12.68,33.93,168.98,6.41,173.29,113.05,21.04,142.91,683.63,11.49,54.64,17.19,28.22,176.77,37.28,68.00,18.95,18.32,86.38,21.35,#N/A N/A,44.39,244.59,46.08,71.58,282.57,114.67,25.25
2021-04-02,44.05,13.00,34.23,169.72,6.22,174.46,111.26,20.84,143.25,678.00,11.49,54.74,17.11,28.20,186.55,37.30,67.28,18.70,18.56,88.21,21.66,#N/A N/A,45.20,251.94,46.26,71.00,281.18,115.20,24.78
2021-04-09,43.32,12.92,34.19,168.40,6.33,175.24,112.33,21.16,141.26,687.46,11.45,53.65,17.34,27.91,188.99,37.66,66.78,19.00,18.92,89.40,21.63,#N/A N/A,45.24,257.88,49.90,68.97,275.69,115.91,24.84
2021-04-16,43.81,13.56,34.63,175.65,5.72,179.62,116.05,21.49,145.96,708.14,13.36,54.60,17.48,28.50,184.94,38.04,67.44,19.86,21.10,91.67,22.14,#N/A N/A,45.74,266.80,44.99,68.85,288.33,117.12,25.51
2021-04-23,45.72,13.59,35.66,179.35,5.93,187.18,118.71,21.51,149.04,718.11,13.48,56.62,17.29,28.85,181.96,40.32,67.03,19.65,21.14,94.85,22.64,#N/A N/A,47.19,276.77,43.48,66.99,296.49,116.92,25.53
2021-04-30,45.21,13.63,37.04,181.10,6.55,189.06,120.48,21.43,154.31,720.76,13.33,52.40,18.16,29.37,183.13,40.12,68.54,21.10,20.99,96.06,22.05,#N/A N/A,46.42,281.16,45.06,70.71,299.72,121.74,25.82
2021-05-07,45.78,13.53,37.41,178.14,6.78,183.32,122.69,21.18,151.18,713.45,14.38,47.99,17.58,28.29,184.73,41.30,67.79,21.07,22.29,95.97,21.48,#N/A N/A,48.54,277.27,43.26,70.58,290.91,124.94,25.18
2021-05-14,46.72,13.08,37.31,173.83,5.58,181.11,122.27,20.05,148.88,722.02,13.57,48.30,17.33,27.73,175.41,42.50,66.75,20.30,24.02,95.89,20.82,#N/A N/A,45.13,273.45,39.13,69.68,288.62,122.18,24.86
2021-05-21,45.99,13.02,37.25,174.60,5.98,185.55,122.91,20.63,150.90,725.22,12.63,49.83,16.94,27.78,173.01,42.99,69.01,20.69,24.33,96.99,21.00,#N/A N/A,44.92,276.73,38.90,69.17,290.93,122.38,24.87
2021-05-28,47.16,13.27,38.07,178.26,6.15,189.50,125.38,20.73,151.56,736.72,12.43,49.21,17.17,27.41,180.23,43.54,70.21,21.38,23.13,99.44,21.17,#N/A N/A,46.35,282.48,45.85,70.10,298.12,128.49,25.39
2021-06-04,48.25,13.26,38.51,184.09,6.04,196.71,129.18,21.14,155.18,785.39,13.14,48.45,17.48,27.77,181.27,45.67,71.95,21.72,23.93,103.30,21.10,#N/A N/A,48.43,288.71,44.54,71.10,312.73,132.27,25.68
2021-06-11,48.76,13.74,39.27,193.42,6.58,194.34,135.26,21.76,162.20,816.04,13.01,53.82,17.91,29.25,191.73,46.28,73.34,22.31,24.83,107.47,21.76,#N/A N/A,49.76,295.81,42.83,76.97,317.34,134.23,26.77
2021-06-18,47.90,13.85,38.45,182.68,6.05,194.24,132.61,21.23,154.20,822.77,12.12,54.93,17.14,27.95,184.37,44.25,70.68,22.17,24.33,105.92,19.82,#N/A N/A,47.07,298.36,37.48,76.43,318.44,125.33,25.29
2021-06-25,48.20,13.94,39.63,184.67,5.92,196.53,135.22,21.63,152.21,783.40,12.45,57.26,17.57,28.01,195.24,43.16,72.36,22.57,25.12,108.40,20.50,#N/A N/A,47.88,304.75,40.55,81.27,319.10,131.07,26.94
2021-07-02,47.71,13.16,39.33,183.99,6.11,196.99,134.23,21.23,150.27,800.50,12.23,56.47,17.25,26.94,199.15,42.77,69.49,21.69,23.77,109.25,20.60,#N/A N/A,47.02,302.72,39.89,79.52,322.84,129.63,26.21
2021-07-09,49.26,13.52,41.24,190.55,5.82,201.72,141.18,21.55,155.76,820.32,12.46,56.21,17.11,27.26,203.98,43.74,70.75,21.42,23.38,114.00,20.50,#N/A N/A,47.67,311.68,40.02,84.01,329.33,129.69,26.26
2021-07-16,50.51,13.31,41.66,193.61,5.41,203.11,144.02,21.83,157.32,831.47,12.37,53.97,15.98,27.95,209.04,43.32,70.38,21.26,23.95,113.84,20.62,#N/A N/A,48.44,313.94,39.29,83.08,334.11,124.50,25.58
2021-07-23,50.32,13.17,42.03,196.94,5.23,193.45,147.23,21.89,154.86,833.48,12.53,56.99,15.78,29.04,212.35,43.42,69.11,21.18,23.68,115.93,21.00,#N/A N/A,49.54,313.80,38.25,87.35,337.04,124.15,25.74
2021-07-30,50.31,13.00,42.00,201.34,5.10,193.09,149.39,22.70,154.16,820.41,12.60,56.80,15.93,28.59,214.99,43.76,69.27,21.31,23.32,117.36,21.03,#N/A N/A,48.87,312.48,37.47,90.32,340.99,126.52,26.03
2021-08-06,49.70,13.20,42.01,208.06,5.39,194.80,147.87,22.65,157.08,820.15,12.49,57.92,16.14,28.64,228.45,44.97,66.89,21.38,23.78,120.27,20.31,#N/A N/A,48.42,304.73,36.86,93.72,347.01,135.20,25.68
2021-08-13,48.74,13.50,40.96,205.50,5.23,194.78,146.00,21.99,159.10,814.09,11.72,58.48,15.91,29.40,233.30,46.10,66.60,20.92,23.86,119.98,20.13,#N/A N/A,47.96,314.67,42.35,89.97,353.81,133.67,25.93
2021-08-20,48.98,13.03,41.09,207.06,4.77,198.05,146.70,21.82,162.77,835.63,11.98,57.08,15.16,29.52,233.88,45.67,64.98,20.59,23.32,121.34,19.91,30.00,46.93,324.28,40.00,89.69,362.16,128.77,25.34
2021-08-27,50.65,13.38,40.42,204.90,5.15,190.97,146.76,21.20,160.11,824.81,12.15,58.89,16.42,29.69,240.51,46.37,66.01,21.28,23.49,122.28,20.08,29.75,47.12,317.69,42.00,89.38,352.83,133.69,25.90
2021-09-03,51.99,13.65,42.51,208.42,5.07,198.50,153.44,21.72,167.60,882.83,12.54,60.00,16.17,31.28,252.08,49.38,66.58,21.72,23.86,129.09,21.65,30.00,47.47,330.76,45.36,84.83,366.48,135.75,25.67
2021-09-10,49.88,12.98,40.61,199.69,5.03,188.36,149.83,20.62,155.37,844.00,12.46,55.45,15.99,30.09,234.99,47.02,63.62,21.01,22.34,125.75,21.06,30.00,45.25,323.23,44.50,79.77,352.82,127.90,24.48
2021-09-17,48.71,13.19,39.53,193.87,4.93,188.54,148.35,20.87,156.80,872.58,12.47,57.00,16.26,30.64,232.74,44.90,65.24,21.11,22.46,121.62,20.07,30.00,44.70,311.04,47.50,80.60,352.70,131.27,24.79
2021-09-24,49.81,13.45,39.40,195.39,5.11,182.07,149.75,20.97,152.72,834.68,12.77,57.30,16.96,29.95,244.88,44.27,69.00,21.61,22.10,117.46,20.72,29.00,44.16,303.88,51.69,76.46,344.93,133.85,25.40
2021-10-01,49.31,13.54,38.58,194.03,5.06,173.02,149.54,20.86,145.06,789.32,11.95,54.84,16.77,29.95,234.18,43.97,67.51,21.29,22.84,115.56,20.24,29.65,44.47,297.20,49.97,72.68,333.57,133.14,25.03
2021-10-08,50.11,13.54,38.20,192.44,4.72,169.82,150.81,21.15,140.66,750.96,11.15,54.16,16.46,31.71,232.53,42.63,68.28,21.69,22.76,117.61,19.72,31.85,44.21,299.72,59.00,71.84,329.86,132.08,24.95
2021-10-15,51.62,13.58,39.10,201.65,4.90,168.85,156.91,21.69,147.54,781.39,11.78,58.44,16.78,33.46,239.05,44.88,69.70,22.00,23.05,124.95,20.84,31.00,45.97,319.42,52.48,74.55,326.90,140.22,25.51
2021-10-22,51.27,13.35,40.37,208.24,4.85,179.12,159.05,21.28,156.89,821.02,12.11,59.82,16.89,32.96,259.71,46.00,69.36,22.29,23.09,128.03,20.62,31.03,46.15,326.33,52.95,75.69,345.62,145.14,25.80
2021-10-29,53.72,13.71,40.60,204.14,5.08,180.30,163.10,21.03,157.81,837.07,11.24,60.40,16.83,33.39,263.09,45.64,67.38,21.71,22.14,133.81,21.33,30.85,45.36,332.18,48.90,74.70,345.33,146.58,25.47
2021-11-05,54.03,15.55,39.87,206.22,5.64,180.13,161.38,21.21,155.47,781.92,12.39,63.25,18.37,33.55,274.42,47.65,70.90,21.83,25.64,130.21,21.09,28.50,46.81,322.88,51.16,75.75,344.21,170.50,26.04
2021-11-12,53.42,14.88,39.93,205.55,5.20,180.78,165.65,21.39,156.32,775.39,12.57,64.08,17.87,34.25,279.52,47.55,71.34,21.62,26.93,131.56,21.39,29.20,46.11,329.18,63.46,73.80,343.77,164.80,26.10
2021-11-19,53.34,14.70,39.97,206.60,4.95,183.74,166.25,21.26,165.58,788.53,12.40,62.68,17.05,34.40,275.28,46.61,69.62,21.46,28.16,134.60,21.67,30.00,46.66,331.74,59.53,71.13,344.99,166.74,25.91
2021-11-26,52.03,14.37,40.48,204.45,4.74,183.50,166.98,21.13,164.76,793.84,11.85,57.10,16.43,34.24,266.46,46.69,66.24,21.19,28.14,131.90,21.61,29.06,45.55,327.02,56.24,70.69,351.05,160.48,25.67
2021-12-03,52.17,14.22,40.84,202.66,4.45,184.86,167.28,21.33,165.28,794.03,11.55,56.38,15.45,33.99,252.50,47.09,65.70,20.77,28.70,135.75,21.36,27.50,43.89,335.34,55.14,71.64,348.69,149.19,25.09
2021-12-10,54.43,14.83,41.45,211.94,4.77,193.21,173.69,22.05,167.10,797.89,11.86,56.06,16.63,33.79,255.26,48.42,67.51,21.06,30.65,140.06,21.84,27.29,45.44,348.00,63.10,71.52,358.93,152.42,24.56
2021-12-17,55.69,14.40,41.62,215.37,4.47,201.34,171.61,22.29,171.54,822.26,11.85,51.93,15.71,33.52,241.27,51.25,66.12,20.65,30.81,145.47,22.27,28.00,45.75,361.74,53.29,71.91,375.88,150.73,23.29
2021-12-24,55.72,15.14,42.47,217.63,4.95,199.39,173.49,22.52,169.81,818.76,11.92,53.15,17.35,33.25,250.91,51.30,66.26,21.26,31.65,146.86,22.66,28.25,46.36,362.45,62.50,76.08,374.28,155.46,24.82
2021-12-31,57.29,15.22,43.61,222.96,5.10,208.74,178.68,22.92,176.87,845.84,11.95,53.12,17.39,33.39,262.91,52.33,66.46,20.83,33.76,153.18,23.63,28.68,48.07,374.56,68.89,79.85,389.02,159.77,24.30
2022-01-07,55.43,14.97,41.39,209.00,5.32,194.73,166.89,23.06,161.06,774.94,11.68,49.00,18.21,33.10,222.58,46.79,71.05,21.68,32.07,139.11,23.25,27.10,47.93,355.91,69.41,70.63,347.91,161.27,24.87
2022-01-14,55.61,14.28,41.75,210.28,5.63,184.15,165.59,22.67,155.88,746.76,12.18,46.19,17.94,32.78,209.88,44.77,69.91,22.18,33.03,138.80,24.13,27.05,46.84,361.79,78.32,70.60,326.27,155.70,25.36
2022-01-21,51.86,13.63,39.37,196.58,5.17,182.25,157.68,21.17,154.95,721.58,11.36,38.78,17.04,31.57,188.10,43.35,63.96,21.32,30.12,134.16,22.90,26.35,43.61,353.35,67.12,61.82,312.34,146.96,24.05
2022-01-28,51.57,13.66,38.32,189.56,5.11,180.68,158.33,20.90,148.88,707.56,11.00,37.25,16.78,32.08,186.96,45.00,63.05,21.27,29.48,134.33,22.25,24.90,43.40,360.57,61.88,58.85,317.76,146.40,24.07
2022-02-04,51.27,13.54,39.35,190.61,5.40,180.30,166.24,20.41,145.16,702.15,11.12,40.89,17.46,31.78,192.70,45.64,66.50,21.09,29.89,135.19,21.90,25.70,43.07,362.85,63.44,60.71,321.55,145.18,24.42
2022-02-11,50.31,13.76,38.77,185.65,5.92,168.88,165.94,20.57,136.29,671.52,11.05,39.88,18.06,30.76,188.87,44.43,67.72,20.88,30.55,133.39,21.67,24.75,42.60,358.17,62.52,64.55,312.01,141.83,24.26
2022-02-18,50.83,14.25,37.74,185.61,6.16,162.34,161.90,20.63,135.20,692.94,11.46,44.14,19.11,30.33,183.10,43.01,70.81,21.15,29.50,126.75,20.50,24.44,43.05,343.56,53.97,61.24,290.82,140.95,24.29
2022-02-25,54.24,14.66,38.69,193.68,6.20,167.58,168.09,20.60,137.90,715.74,11.83,46.56,18.75,31.04,190.51,48.67,71.27,21.44,30.67,130.18,20.78,23.90,43.05,362.70,48.18,61.59,306.87,139.70,23.95
